aux_id,source,title,licence,url,canonical_id
598,"National Gallery of Art","Abraham Entertaining the Angels [recto]","CC0 — NGA Open Access",https://archai-api.fineartmedia.tech/aux/NFC598.html,nga:102633
599,"National Gallery of Art","River Landscape with Villages and Travelers [verso]","CC0 — NGA Open Access",https://archai-api.fineartmedia.tech/aux/NFC599.html,nga:102634
600,"National Gallery of Art","Inspiration","CC0 — NGA Open Access",https://archai-api.fineartmedia.tech/aux/NFC600.html,nga:103903
601,"National Gallery of Art","Inspiration","CC0 — NGA Open Access",https://archai-api.fineartmedia.tech/aux/NFC601.html,nga:103904
602,"National Gallery of Art","Image","CC0 — NGA Open Access",https://archai-api.fineartmedia.tech/aux/NFC602.html,nga:103907
603,"National Gallery of Art","Etude de nu (Study of a Nude)","CC0 — NGA Open Access",https://archai-api.fineartmedia.tech/aux/NFC603.html,nga:103910
604,"National Gallery of Art","Etude de nu (Study of a Nude)","CC0 — NGA Open Access",https://archai-api.fineartmedia.tech/aux/NFC604.html,nga:103911
605,"National Gallery of Art","La friction au gant de crin (Massage with Coarse Hair Glove)","CC0 — NGA Open Access",https://archai-api.fineartmedia.tech/aux/NFC605.html,nga:103912
606,"National Gallery of Art","La friction au gant de crin (Massage with Coarse Hair Glove)","CC0 — NGA Open Access",https://archai-api.fineartmedia.tech/aux/NFC606.html,nga:103913
607,"National Gallery of Art","La toilette","CC0 — NGA Open Access",https://archai-api.fineartmedia.tech/aux/NFC607.html,nga:103926
608,"National Gallery of Art","Départ pour le sabbat (Departure for the Sabbath)","CC0 — NGA Open Access",https://archai-api.fineartmedia.tech/aux/NFC608.html,nga:103927
609,"National Gallery of Art","Départ pour le sabbat (Departure for the Sabbath)","CC0 — NGA Open Access",https://archai-api.fineartmedia.tech/aux/NFC609.html,nga:103928
610,"National Gallery of Art","Tesson humain (Human Fragment)","CC0 — NGA Open Access",https://archai-api.fineartmedia.tech/aux/NFC610.html,nga:103960
611,"National Gallery of Art","Tesson humain (Human Fragment)","CC0 — NGA Open Access",https://archai-api.fineartmedia.tech/aux/NFC611.html,nga:103961
612,"National Gallery of Art","Tête de femme, profil à droite (Head of a Woman in Profile to the Right)","CC0 — NGA Open Access",https://archai-api.fineartmedia.tech/aux/NFC612.html,nga:103963
613,"National Gallery of Art","Apparition","CC0 — NGA Open Access",https://archai-api.fineartmedia.tech/aux/NFC613.html,nga:103966
614,"National Gallery of Art","Tête de femme (Head of a Woman)","CC0 — NGA Open Access",https://archai-api.fineartmedia.tech/aux/NFC614.html,nga:103967
615,"National Gallery of Art","Orléans Cathedral","CC0 — NGA Open Access",https://archai-api.fineartmedia.tech/aux/NFC615.html,nga:106469
616,"National Gallery of Art","Yellowstone Lake","CC0 — NGA Open Access",https://archai-api.fineartmedia.tech/aux/NFC616.html,nga:106470
617,"National Gallery of Art","Clement IX (Giulio Rospigliosi, 1600-1669), Pope 1667 [obverse]","CC0 — NGA Open Access",https://archai-api.fineartmedia.tech/aux/NFC617.html,nga:108153
618,"National Gallery of Art","Self-Portrait with Wife Ernestine in a Balloon Gondola","CC0 — NGA Open Access",https://archai-api.fineartmedia.tech/aux/NFC618.html,nga:110211
619,"National Gallery of Art","Reclining Tunisian Panther","CC0 — NGA Open Access",https://archai-api.fineartmedia.tech/aux/NFC619.html,nga:110284
620,"National Gallery of Art","Décor d'atelier, nature morte","CC0 — NGA Open Access",https://archai-api.fineartmedia.tech/aux/NFC620.html,nga:118074
621,"National Gallery of Art","A Sculptor in His Atelier","CC0 — NGA Open Access",https://archai-api.fineartmedia.tech/aux/NFC621.html,nga:121537
622,"National Gallery of Art","A Newhaven Fisherwoman","CC0 — NGA Open Access",https://archai-api.fineartmedia.tech/aux/NFC622.html,nga:121539
623,"National Gallery of Art","Fruit, Jug, and a Glass","CC0 — NGA Open Access",https://archai-api.fineartmedia.tech/aux/NFC623.html,nga:12202
624,"National Gallery of Art","Young Woman with a Muff","CC0 — NGA Open Access",https://archai-api.fineartmedia.tech/aux/NFC624.html,nga:12203
625,"National Gallery of Art","Karnak (Thèbes), Palais--Salle hypostyle--Colonnade Centrale--Décoration d'un Fut","CC0 — NGA Open Access",https://archai-api.fineartmedia.tech/aux/NFC625.html,nga:126121
626,"National Gallery of Art","Allegorical Female Figure","CC0 — NGA Open Access",https://archai-api.fineartmedia.tech/aux/NFC626.html,nga:131884
627,"National Gallery of Art","Eagham Lock","CC0 — NGA Open Access",https://archai-api.fineartmedia.tech/aux/NFC627.html,nga:132053
628,"National Gallery of Art","Trenton Falls, New York","CC0 — NGA Open Access",https://archai-api.fineartmedia.tech/aux/NFC628.html,nga:132194
629,"National Gallery of Art","Columbia from the Capitol","CC0 — NGA Open Access",https://archai-api.fineartmedia.tech/aux/NFC629.html,nga:136295
630,"National Gallery of Art","Orchard Knob from Mission Ridge","CC0 — NGA Open Access",https://archai-api.fineartmedia.tech/aux/NFC630.html,nga:136296
631,"National Gallery of Art","Photographie Lunaire Rayonnement de Tycho - Phase Croissante","CC0 — NGA Open Access",https://archai-api.fineartmedia.tech/aux/NFC631.html,nga:136437
632,"National Gallery of Art","The Sacrifice of Iphigenia (recto) / Study of a Male Nude (verso)","CC0 — NGA Open Access",https://archai-api.fineartmedia.tech/aux/NFC632.html,nga:140452
633,"National Gallery of Art","Wrath","CC0 — NGA Open Access",https://archai-api.fineartmedia.tech/aux/NFC633.html,nga:150376
634,"National Gallery of Art","Badeanstalt (The Bath House)","CC0 — NGA Open Access",https://archai-api.fineartmedia.tech/aux/NFC634.html,nga:153563
635,"National Gallery of Art","Kirchner - Zeichnungen (Kirchner Drawings)","CC0 — NGA Open Access",https://archai-api.fineartmedia.tech/aux/NFC635.html,nga:154231
636,"National Gallery of Art","Jakob Bosshart: Neben der Heerstrasse (Jakob Bosshart: Near Main Street)","CC0 — NGA Open Access",https://archai-api.fineartmedia.tech/aux/NFC636.html,nga:154232
637,"National Gallery of Art","Dead Scottish Soldiers on the Battlefield near Ypres","CC0 — NGA Open Access",https://archai-api.fineartmedia.tech/aux/NFC637.html,nga:158499
638,"National Gallery of Art","Three German Soldiers Armed with Halberds","CC0 — NGA Open Access",https://archai-api.fineartmedia.tech/aux/NFC638.html,nga:159581
639,"National Gallery of Art","Green Wheat Fields, Auvers","CC0 — NGA Open Access",https://archai-api.fineartmedia.tech/aux/NFC639.html,nga:163323
640,"National Gallery of Art","Rear of the North Fort After Its Capture, Showing the Retreat of the Chinese Army, August 21, 1860","CC0 — NGA Open Access",https://archai-api.fineartmedia.tech/aux/NFC640.html,nga:163372
641,"National Gallery of Art","Interior of the North Fort Taku After Its Capture on August 21, 1860","CC0 — NGA Open Access",https://archai-api.fineartmedia.tech/aux/NFC641.html,nga:163373
642,"National Gallery of Art","Ténèbres (Darkness)","CC0 — NGA Open Access",https://archai-api.fineartmedia.tech/aux/NFC642.html,nga:168886
643,"National Gallery of Art","Reward of Merit","CC0 — NGA Open Access",https://archai-api.fineartmedia.tech/aux/NFC643.html,nga:169534
644,"National Gallery of Art","Acrobat","CC0 — NGA Open Access",https://archai-api.fineartmedia.tech/aux/NFC644.html,nga:180335
645,"National Gallery of Art","Study for ""Classic and Romantic Art""","CC0 — NGA Open Access",https://archai-api.fineartmedia.tech/aux/NFC645.html,nga:184242
646,"National Gallery of Art","Study for ""Judgment""","CC0 — NGA Open Access",https://archai-api.fineartmedia.tech/aux/NFC646.html,nga:184258
647,"National Gallery of Art","Samuel Hunt, Jr.","CC0 — NGA Open Access",https://archai-api.fineartmedia.tech/aux/NFC647.html,nga:204790
648,"National Gallery of Art","An Arab Rider on Camelback","CC0 — NGA Open Access",https://archai-api.fineartmedia.tech/aux/NFC648.html,nga:205601
649,"National Gallery of Art","Heures a l'usage de Rouen","CC0 — NGA Open Access",https://archai-api.fineartmedia.tech/aux/NFC649.html,nga:206486
650,"National Gallery of Art","Fort Snelling","CC0 — NGA Open Access",https://archai-api.fineartmedia.tech/aux/NFC650.html,nga:206590
651,"National Gallery of Art","Chesnut Street Theatre, Philadelphia","CC0 — NGA Open Access",https://archai-api.fineartmedia.tech/aux/NFC651.html,nga:206591
652,"National Gallery of Art","Clio","CC0 — NGA Open Access",https://archai-api.fineartmedia.tech/aux/NFC652.html,nga:207035
653,"National Gallery of Art","La Porte des Rêves","CC0 — NGA Open Access",https://archai-api.fineartmedia.tech/aux/NFC653.html,nga:207036
654,"National Gallery of Art","Arabesques with Frolicking Putti, Animals, and Jesters","CC0 — NGA Open Access",https://archai-api.fineartmedia.tech/aux/NFC654.html,nga:207042
655,"National Gallery of Art","Spring Landscape","CC0 — NGA Open Access",https://archai-api.fineartmedia.tech/aux/NFC655.html,nga:212291
656,"National Gallery of Art","Untitled","CC0 — NGA Open Access",https://archai-api.fineartmedia.tech/aux/NFC656.html,nga:214182
657,"National Gallery of Art","Saint-Mémin Collection of Portraits, Group 8","CC0 — NGA Open Access",https://archai-api.fineartmedia.tech/aux/NFC657.html,nga:214451
658,"National Gallery of Art","Saint-Mémin Collection of Portraits, Group 28","CC0 — NGA Open Access",https://archai-api.fineartmedia.tech/aux/NFC658.html,nga:214931
659,"National Gallery of Art","Saint-Mémin Collection of Portraits, Group 32","CC0 — NGA Open Access",https://archai-api.fineartmedia.tech/aux/NFC659.html,nga:214991
660,"National Gallery of Art","Die Meerstädte (The Sea Cities) (in-text plate) from mock-up of Georg Heym: Umbra Vitae (Georg Heym: Shadow of Life)","CC0 — NGA Open Access",https://archai-api.fineartmedia.tech/aux/NFC660.html,nga:228100
661,"National Gallery of Art","Die Schlösser (The Castles) (in-text plate) from mock-up of Georg Heym: Umbra Vitae (Georg Heym: Shadow of Life)","CC0 — NGA Open Access",https://archai-api.fineartmedia.tech/aux/NFC661.html,nga:228101
662,"National Gallery of Art","Die Städte (The Cities) (in-text plate) from mock-up of Georg Heym: Umbra Vitae (Georg Heym: Shadow of Life)","CC0 — NGA Open Access",https://archai-api.fineartmedia.tech/aux/NFC662.html,nga:228102
663,"National Gallery of Art","Die Stadt der Qual (The City of Agony) (in-text plate) from mock-up of Georg Heym: Umbra Vitae (Georg Heym: Shadow of Life)","CC0 — NGA Open Access",https://archai-api.fineartmedia.tech/aux/NFC663.html,nga:228103
664,"National Gallery of Art","Die Irren III (The Mad III) (in-text plate) from mock-up of Georg Heym: Umbra Vitae (Georg Heym: Shadow of Life)","CC0 — NGA Open Access",https://archai-api.fineartmedia.tech/aux/NFC664.html,nga:228106
665,"National Gallery of Art","Die Blinden Frauen (The Blind Women) (in-text plate) from mock-up of Georg Heym: Umbra Vitae (Georg Heym: Shadow of Life)","CC0 — NGA Open Access",https://archai-api.fineartmedia.tech/aux/NFC665.html,nga:228115
666,"National Gallery of Art","Album of Engravings for Interactive Use","CC0 — NGA Open Access",https://archai-api.fineartmedia.tech/aux/NFC666.html,nga:231162
667,"National Gallery of Art","Jean-Pons-Guillaume Viennet","CC0 — NGA Open Access",https://archai-api.fineartmedia.tech/aux/NFC667.html,nga:3221
668,"National Gallery of Art","Alfred-Frédéric-Pierre, Comte de Falloux","CC0 — NGA Open Access",https://archai-api.fineartmedia.tech/aux/NFC668.html,nga:3235
669,"National Gallery of Art","The Madonna with the Clock","CC0 — NGA Open Access",https://archai-api.fineartmedia.tech/aux/NFC669.html,nga:3330
670,"National Gallery of Art","Gouverneur Kemble","CC0 — NGA Open Access",https://archai-api.fineartmedia.tech/aux/NFC670.html,nga:34050
671,"National Gallery of Art","William Clark Frazer","CC0 — NGA Open Access",https://archai-api.fineartmedia.tech/aux/NFC671.html,nga:34051
672,"National Gallery of Art","George Pope Morris","CC0 — NGA Open Access",https://archai-api.fineartmedia.tech/aux/NFC672.html,nga:34056
673,"National Gallery of Art","Various Occupations [recto]","CC0 — NGA Open Access",https://archai-api.fineartmedia.tech/aux/NFC673.html,nga:34652
674,"National Gallery of Art","Allegory on Copulation [verso]","CC0 — NGA Open Access",https://archai-api.fineartmedia.tech/aux/NFC674.html,nga:34653
675,"National Gallery of Art","Nicolas Abraham de la Framboisiere","CC0 — NGA Open Access",https://archai-api.fineartmedia.tech/aux/NFC675.html,nga:38115
676,"National Gallery of Art","Hendrik Goltzius","CC0 — NGA Open Access",https://archai-api.fineartmedia.tech/aux/NFC676.html,nga:38171
677,"National Gallery of Art","Thomas Scott","CC0 — NGA Open Access",https://archai-api.fineartmedia.tech/aux/NFC677.html,nga:40299
678,"National Gallery of Art","Title Page to F. Rous' Works","CC0 — NGA Open Access",https://archai-api.fineartmedia.tech/aux/NFC678.html,nga:40874
679,"National Gallery of Art","A Triton","CC0 — NGA Open Access",https://archai-api.fineartmedia.tech/aux/NFC679.html,nga:43767
680,"National Gallery of Art","Cupid Driving a Chariot","CC0 — NGA Open Access",https://archai-api.fineartmedia.tech/aux/NFC680.html,nga:43871
681,"National Gallery of Art","Two Soldiers Fighting with a Horseman","CC0 — NGA Open Access",https://archai-api.fineartmedia.tech/aux/NFC681.html,nga:43905
682,"National Gallery of Art","The Sacrifice of a Bull","CC0 — NGA Open Access",https://archai-api.fineartmedia.tech/aux/NFC682.html,nga:43959
683,"National Gallery of Art","Meleager Hunting the Calydonian Boar","CC0 — NGA Open Access",https://archai-api.fineartmedia.tech/aux/NFC683.html,nga:43961
684,"National Gallery of Art","Bust of a Girl","CC0 — NGA Open Access",https://archai-api.fineartmedia.tech/aux/NFC684.html,nga:44107
685,"National Gallery of Art","A Frieze of Tritons and Nereids","CC0 — NGA Open Access",https://archai-api.fineartmedia.tech/aux/NFC685.html,nga:44164
686,"National Gallery of Art","Sea-Monsters Fighting","CC0 — NGA Open Access",https://archai-api.fineartmedia.tech/aux/NFC686.html,nga:44167
687,"National Gallery of Art","The Death of Laocoön","CC0 — NGA Open Access",https://archai-api.fineartmedia.tech/aux/NFC687.html,nga:44177
688,"National Gallery of Art","Florence Holding an Orb and Triple Olive Branch [reverse]","CC0 — NGA Open Access",https://archai-api.fineartmedia.tech/aux/NFC688.html,nga:44774
689,"National Gallery of Art","The Last Judgment [reverse]","CC0 — NGA Open Access",https://archai-api.fineartmedia.tech/aux/NFC689.html,nga:44782
690,"National Gallery of Art","Achille Tiberti of Cesena, died 1501","CC0 — NGA Open Access",https://archai-api.fineartmedia.tech/aux/NFC690.html,nga:44848
691,"National Gallery of Art","La Biarrote","CC0 — NGA Open Access",https://archai-api.fineartmedia.tech/aux/NFC691.html,nga:4625
692,"National Gallery of Art","Still Life","CC0 — NGA Open Access",https://archai-api.fineartmedia.tech/aux/NFC692.html,nga:46621
693,"National Gallery of Art","The Basket of Flowers","CC0 — NGA Open Access",https://archai-api.fineartmedia.tech/aux/NFC693.html,nga:46622
694,"National Gallery of Art","Alphonse Hirsch","CC0 — NGA Open Access",https://archai-api.fineartmedia.tech/aux/NFC694.html,nga:46822
695,"National Gallery of Art","Florence Leyland","CC0 — NGA Open Access",https://archai-api.fineartmedia.tech/aux/NFC695.html,nga:4879
696,"National Gallery of Art","St. James's Street","CC0 — NGA Open Access",https://archai-api.fineartmedia.tech/aux/NFC696.html,nga:4881
697,"National Gallery of Art","The Circle of the Traitors; Dante's Foot Striking Bocca degli Abbate","CC0 — NGA Open Access",https://archai-api.fineartmedia.tech/aux/NFC697.html,nga:4895
698,"National Gallery of Art","The Circle of the Thieves; Buoso Donati Attacked by the Serpent","CC0 — NGA Open Access",https://archai-api.fineartmedia.tech/aux/NFC698.html,nga:4898
699,"National Gallery of Art","The Circle of the Thieves; Agnolo Brunelleschi Attacked by a Six-Footed Serpent","CC0 — NGA Open Access",https://archai-api.fineartmedia.tech/aux/NFC699.html,nga:4899
700,"National Gallery of Art","The Soul exploring the recesses of the Grave","CC0 — NGA Open Access",https://archai-api.fineartmedia.tech/aux/NFC700.html,nga:4911
701,"National Gallery of Art","Fragment of cancelled plate for ""A Prophecy"" [recto]","CC0 — NGA Open Access",https://archai-api.fineartmedia.tech/aux/NFC701.html,nga:5006
702,"National Gallery of Art","Vase","CC0 — NGA Open Access",https://archai-api.fineartmedia.tech/aux/NFC702.html,nga:53318
703,"National Gallery of Art","Vase","CC0 — NGA Open Access",https://archai-api.fineartmedia.tech/aux/NFC703.html,nga:53319
704,"National Gallery of Art","Vase in the Shape of an Archaic Bronze Hu","CC0 — NGA Open Access",https://archai-api.fineartmedia.tech/aux/NFC704.html,nga:53326
705,"National Gallery of Art","Stem Cup","CC0 — NGA Open Access",https://archai-api.fineartmedia.tech/aux/NFC705.html,nga:53327
706,"National Gallery of Art","Vase in the Shape of an Archaic Bronze Hu","CC0 — NGA Open Access",https://archai-api.fineartmedia.tech/aux/NFC706.html,nga:53328
707,"National Gallery of Art","Small Foliated Dish","CC0 — NGA Open Access",https://archai-api.fineartmedia.tech/aux/NFC707.html,nga:53329
708,"National Gallery of Art","Small Foliated Dish","CC0 — NGA Open Access",https://archai-api.fineartmedia.tech/aux/NFC708.html,nga:53330
709,"National Gallery of Art","Small Vase","CC0 — NGA Open Access",https://archai-api.fineartmedia.tech/aux/NFC709.html,nga:53334
710,"National Gallery of Art","Teapot","CC0 — NGA Open Access",https://archai-api.fineartmedia.tech/aux/NFC710.html,nga:53335
711,"National Gallery of Art","Jar","CC0 — NGA Open Access",https://archai-api.fineartmedia.tech/aux/NFC711.html,nga:53336
712,"National Gallery of Art","Vase, Meiping Shape","CC0 — NGA Open Access",https://archai-api.fineartmedia.tech/aux/NFC712.html,nga:53337
713,"National Gallery of Art","Dish","CC0 — NGA Open Access",https://archai-api.fineartmedia.tech/aux/NFC713.html,nga:53350
714,"National Gallery of Art","""Palace"" Bowl","CC0 — NGA Open Access",https://archai-api.fineartmedia.tech/aux/NFC714.html,nga:53351
715,"National Gallery of Art","Bowl","CC0 — NGA Open Access",https://archai-api.fineartmedia.tech/aux/NFC715.html,nga:53353
716,"National Gallery of Art","Cup","CC0 — NGA Open Access",https://archai-api.fineartmedia.tech/aux/NFC716.html,nga:53354
717,"National Gallery of Art","Vase","CC0 — NGA Open Access",https://archai-api.fineartmedia.tech/aux/NFC717.html,nga:53356
718,"National Gallery of Art","Vase","CC0 — NGA Open Access",https://archai-api.fineartmedia.tech/aux/NFC718.html,nga:53357
719,"National Gallery of Art","Saint Alban of Mainz","CC0 — NGA Open Access",https://archai-api.fineartmedia.tech/aux/NFC719.html,nga:53528
720,"National Gallery of Art","George Washington Deal","CC0 — NGA Open Access",https://archai-api.fineartmedia.tech/aux/NFC720.html,nga:53583
721,"National Gallery of Art","Elizabeth Price Thomas","CC0 — NGA Open Access",https://archai-api.fineartmedia.tech/aux/NFC721.html,nga:53584
722,"National Gallery of Art","The Sacrifice of a Goat to Jupiter","CC0 — NGA Open Access",https://archai-api.fineartmedia.tech/aux/NFC722.html,nga:54009
723,"National Gallery of Art","Saint Jerome Reading in the Wilderness","CC0 — NGA Open Access",https://archai-api.fineartmedia.tech/aux/NFC723.html,nga:54015
724,"National Gallery of Art","Christ among the Doctors","CC0 — NGA Open Access",https://archai-api.fineartmedia.tech/aux/NFC724.html,nga:54065
725,"National Gallery of Art","Funeral Procession of a Saint with Angels","CC0 — NGA Open Access",https://archai-api.fineartmedia.tech/aux/NFC725.html,nga:54071
726,"National Gallery of Art","The Good Shepherd","CC0 — NGA Open Access",https://archai-api.fineartmedia.tech/aux/NFC726.html,nga:56966
727,"National Gallery of Art","The Marketplace in Bergen op Zoom","CC0 — NGA Open Access",https://archai-api.fineartmedia.tech/aux/NFC727.html,nga:57418
728,"National Gallery of Art","Little Girl in a Blue Armchair","CC0 — NGA Open Access",https://archai-api.fineartmedia.tech/aux/NFC728.html,nga:61368
729,"National Gallery of Art","Landscape at Le Pouldu","CC0 — NGA Open Access",https://archai-api.fineartmedia.tech/aux/NFC729.html,nga:61370
730,"National Gallery of Art","Saint John the Evangelist","CC0 — NGA Open Access",https://archai-api.fineartmedia.tech/aux/NFC730.html,nga:63047
731,"National Gallery of Art","Antwerp Blessed with Abundance","CC0 — NGA Open Access",https://archai-api.fineartmedia.tech/aux/NFC731.html,nga:65776
732,"National Gallery of Art","Boxeurs (The Boxers)","CC0 — NGA Open Access",https://archai-api.fineartmedia.tech/aux/NFC732.html,nga:66583
733,"National Gallery of Art","A Young Lady in a Yellow Gown with Blue Ribbons","CC0 — NGA Open Access",https://archai-api.fineartmedia.tech/aux/NFC733.html,nga:69464
734,"National Gallery of Art","Death Visits the Strucks (Death and the Couple) (Tod bei Strucks [Tod und Paar]) from Dance of Death (Totentanz)","CC0 — NGA Open Access",https://archai-api.fineartmedia.tech/aux/NFC734.html,nga:71828
735,"National Gallery of Art","Jan Maurits Quinkhard","CC0 — NGA Open Access",https://archai-api.fineartmedia.tech/aux/NFC735.html,nga:72872
736,"National Gallery of Art","The Towhe Bird (Fringilla erythrophthalma)","CC0 — NGA Open Access",https://archai-api.fineartmedia.tech/aux/NFC736.html,nga:73702
737,"National Gallery of Art","A Hand Holding Empty Gloves","CC0 — NGA Open Access",https://archai-api.fineartmedia.tech/aux/NFC737.html,nga:74819
738,"National Gallery of Art","James I, 1566-1625, King of England 1603 [obverse]","CC0 — NGA Open Access",https://archai-api.fineartmedia.tech/aux/NFC738.html,nga:76319
739,"National Gallery of Art","Three Whooper Swans","CC0 — NGA Open Access",https://archai-api.fineartmedia.tech/aux/NFC739.html,nga:80471
740,"National Gallery of Art","La galerie Notre-Dame, Paris (The Gallery of Notre Dame, Paris)","CC0 — NGA Open Access",https://archai-api.fineartmedia.tech/aux/NFC740.html,nga:866
741,"National Gallery of Art","Jason","CC0 — NGA Open Access",https://archai-api.fineartmedia.tech/aux/NFC741.html,nga:870
742,"National Gallery of Art","Madonna and Child, with the Blessing Christ [middle panel]","CC0 — NGA Open Access",https://archai-api.fineartmedia.tech/aux/NFC742.html,nga:892
743,"National Gallery of Art","A Dominican Preaching","CC0 — NGA Open Access",https://archai-api.fineartmedia.tech/aux/NFC743.html,nga:894
744,"National Gallery of Art","Advice to a Young Artist","CC0 — NGA Open Access",https://archai-api.fineartmedia.tech/aux/NFC744.html,nga:895
745,"National Gallery of Art","Mary Cassatt at the Louvre: The Etruscan Gallery","CC0 — NGA Open Access",https://archai-api.fineartmedia.tech/aux/NFC745.html,nga:93037
746,"National Gallery of Art","Advance of the Skirmish Line","CC0 — NGA Open Access",https://archai-api.fineartmedia.tech/aux/NFC746.html,nga:98226
747,"National Gallery of Art","Hagar Consoled by an Angel (from a painting by Castiglione) and Three Heads of Old Men (from a painting by Ricci of Jesus and the Adultress)","CC0 — NGA Open Access",https://archai-api.fineartmedia.tech/aux/NFC747.html,nga:98386
1091,"Smithsonian","Aquarium or terrarium, Rustic","CC0 — Public Domain",https://archai-api.fineartmedia.tech/aux/NFC1091.html,smithsonian:ld1-1642011376834-1642011377457-0
1092,"Smithsonian","Plate","CC0 — Public Domain",https://archai-api.fineartmedia.tech/aux/NFC1092.html,smithsonian:ld1-1643381040022-1643381050705-0
1093,"Smithsonian","Battery Park (from Portfolio, Lithographs of New York in 1904)","CC0 — Public Domain",https://archai-api.fineartmedia.tech/aux/NFC1093.html,smithsonian:ld1-1643381040022-1643381052777-1
1094,"Smithsonian","Broadway Towers (from portfolio, Lithographs of New York in 1904)","CC0 — Public Domain",https://archai-api.fineartmedia.tech/aux/NFC1094.html,smithsonian:ld1-1643381040022-1643381052781-1
1095,"Smithsonian","Building the Building (from portfolio, Lithographs of New York in 1904)","CC0 — Public Domain",https://archai-api.fineartmedia.tech/aux/NFC1095.html,smithsonian:ld1-1643381040022-1643381052783-0
1096,"Smithsonian","Nassau Street (from portfolio, Lithographs of New York in 1904)","CC0 — Public Domain",https://archai-api.fineartmedia.tech/aux/NFC1096.html,smithsonian:ld1-1643381040022-1643381052788-0
1097,"Smithsonian","The Mirror","CC0 — Public Domain",https://archai-api.fineartmedia.tech/aux/NFC1097.html,smithsonian:ld1-1643381040022-1643381053521-0
1098,"Smithsonian","A Bride","CC0 — Public Domain",https://archai-api.fineartmedia.tech/aux/NFC1098.html,smithsonian:ld1-1643381040022-1643381055226-1
1099,"Smithsonian","Girl Arranging Her Hair","CC0 — Public Domain",https://archai-api.fineartmedia.tech/aux/NFC1099.html,smithsonian:ld1-1643381040022-1643381055230-0
1100,"Smithsonian","Stoneware storage jar by David Drake (Dave the Potter)","CC0 — Public Domain",https://archai-api.fineartmedia.tech/aux/NFC1100.html,smithsonian:ld1-1643398738600-1643398745270-0
1101,"Smithsonian","In Memoriam","CC0 — Public Domain",https://archai-api.fineartmedia.tech/aux/NFC1101.html,smithsonian:ld1-1643398853934-1643398865624-0
1102,"Smithsonian","Mr. Lincoln. Residence and Horse by Louis Kurz and Charles Shober","CC0 — Public Domain",https://archai-api.fineartmedia.tech/aux/NFC1102.html,smithsonian:ld1-1643398853934-1643398865627-0
1103,"Smithsonian","The Prodigal Son Feeding Swine by Henry R. Robinson","CC0 — Public Domain",https://archai-api.fineartmedia.tech/aux/NFC1103.html,smithsonian:ld1-1643398853934-1643398865977-0
1104,"Smithsonian","Return of the Prodigal Son by Henry R. Robinson","CC0 — Public Domain",https://archai-api.fineartmedia.tech/aux/NFC1104.html,smithsonian:ld1-1643398853934-1643398865979-0
1105,"Smithsonian","The Camp Meeting","CC0 — Public Domain",https://archai-api.fineartmedia.tech/aux/NFC1105.html,smithsonian:ld1-1643398853934-1643398866015-0
1106,"Smithsonian","Chuck-Wills Widow, Caprimulgus carolinensis. Brifs., Male. 1, Female. 2, Harlequin Snake","CC0 — Public Domain",https://archai-api.fineartmedia.tech/aux/NFC1106.html,smithsonian:ld1-1643398853934-1643398882945-0
1107,"Smithsonian","Scarlet Ibis, Ibis Rubra Viell, 1. Adult, 2. Young Second Autumn","CC0 — Public Domain",https://archai-api.fineartmedia.tech/aux/NFC1107.html,smithsonian:ld1-1643398853934-1643398882946-0
1108,"Smithsonian","American Robin, Turdus Migratorius, Male, 1. Female, 2. Young, 3., Chestnut oak. Quercus Vrinus","CC0 — Public Domain",https://archai-api.fineartmedia.tech/aux/NFC1108.html,smithsonian:ld1-1643398853934-1643398882947-0
1109,"Smithsonian","Whooping Crane, Grus Americana","CC0 — Public Domain",https://archai-api.fineartmedia.tech/aux/NFC1109.html,smithsonian:ld1-1643398853934-1643398882947-1
1110,"Smithsonian","Virginia Partridge, Perdix Virginiana. Lath., Male Adult, 1. Young, 2. Female Adult, 3. Young, 4. Very Young Birds, 5.","CC0 — Public Domain",https://archai-api.fineartmedia.tech/aux/NFC1110.html,smithsonian:ld1-1643398853934-1643398882948-0
1111,"Smithsonian","Hooping Crane, Grus Americana (Young)","CC0 — Public Domain",https://archai-api.fineartmedia.tech/aux/NFC1111.html,smithsonian:ld1-1643398853934-1643398882949-0
1112,"Smithsonian","Modern Madonna No. 2","CC0 — Public Domain",https://archai-api.fineartmedia.tech/aux/NFC1112.html,smithsonian:ld1-1643399625297-1643399650510-0
1113,"Smithsonian","Modern Madonna, No. 1","CC0 — Public Domain",https://archai-api.fineartmedia.tech/aux/NFC1113.html,smithsonian:ld1-1643399625297-1643399650511-0
1114,"Smithsonian","Julius Bien","CC0 — Public Domain",https://archai-api.fineartmedia.tech/aux/NFC1114.html,smithsonian:ld1-1643399756728-1643399779432-0
1115,"Smithsonian","Wilbur Wright","CC0 — Public Domain",https://archai-api.fineartmedia.tech/aux/NFC1115.html,smithsonian:ld1-1643399756728-1643399788095-1
1116,"Smithsonian","Wilbur Wright","CC0 — Public Domain",https://archai-api.fineartmedia.tech/aux/NFC1116.html,smithsonian:ld1-1643399756728-1643399804583-0
1117,"Smithsonian","Self-Portrait","CC0 — Public Domain",https://archai-api.fineartmedia.tech/aux/NFC1117.html,smithsonian:ld1-1643399857816-1643399858944-1
1118,"Smithsonian","In the Studio","CC0 — Public Domain",https://archai-api.fineartmedia.tech/aux/NFC1118.html,smithsonian:ld1-1643399857816-1643399858945-0
1119,"Smithsonian","Portrait of Artist's Daughter","CC0 — Public Domain",https://archai-api.fineartmedia.tech/aux/NFC1119.html,smithsonian:ld1-1643399857816-1643399858945-1
1120,"Smithsonian","Good Friends","CC0 — Public Domain",https://archai-api.fineartmedia.tech/aux/NFC1120.html,smithsonian:ld1-1643399857816-1643399858946-0
1121,"Smithsonian","The Pink Bow (Portrait of Alice Dieudonnée Chase)","CC0 — Public Domain",https://archai-api.fineartmedia.tech/aux/NFC1121.html,smithsonian:ld1-1643399857816-1643399858946-1
1122,"Smithsonian","Harbor Scene","CC0 — Public Domain",https://archai-api.fineartmedia.tech/aux/NFC1122.html,smithsonian:ld1-1643399857816-1643399858947-0
1123,"Smithsonian","Portrait of a Girl","CC0 — Public Domain",https://archai-api.fineartmedia.tech/aux/NFC1123.html,smithsonian:ld1-1643399857816-1643399858947-1
1124,"Smithsonian","Artist's Daughter in Mother's Dress (Young Girl in Black)","CC0 — Public Domain",https://archai-api.fineartmedia.tech/aux/NFC1124.html,smithsonian:ld1-1643399857816-1643399858948-0
1125,"Smithsonian","Portrait of Mrs. William Merritt Chase","CC0 — Public Domain",https://archai-api.fineartmedia.tech/aux/NFC1125.html,smithsonian:ld1-1643399857816-1643399858949-1
1127,"Smithsonian","London, Evening","CC0 — Public Domain",https://archai-api.fineartmedia.tech/aux/NFC1127.html,smithsonian:ld1-1643399857816-1643399860507-0
1128,"Smithsonian","Isle Of Shoals","CC0 — Public Domain",https://archai-api.fineartmedia.tech/aux/NFC1128.html,smithsonian:ld1-1643399857816-1643399860508-0
1130,"Smithsonian","Vesuvius","CC0 — Public Domain",https://archai-api.fineartmedia.tech/aux/NFC1130.html,smithsonian:ld1-1643399857816-1643399860509-1
1131,"Smithsonian","Harlem River in Winter","CC0 — Public Domain",https://archai-api.fineartmedia.tech/aux/NFC1131.html,smithsonian:ld1-1643399857816-1643399861040-1
1133,"Smithsonian","Sunset at Grez","CC0 — Public Domain",https://archai-api.fineartmedia.tech/aux/NFC1133.html,smithsonian:ld1-1643399857816-1643399861559-0
1134,"Smithsonian","Design for Wall Decoration, Pompeiian Room, Palazzo Altieri, Rome","CC0 — Public Domain",https://archai-api.fineartmedia.tech/aux/NFC1134.html,smithsonian:ld1-1643399887910-1643399889024-0
1135,"Smithsonian","Design for a Decorative Panel (with Nymphs and Garlands)","CC0 — Public Domain",https://archai-api.fineartmedia.tech/aux/NFC1135.html,smithsonian:ld1-1643399887910-1643399891817-1
1136,"Smithsonian","Adoration of the Magi (Design for Stained Glass Window)","CC0 — Public Domain",https://archai-api.fineartmedia.tech/aux/NFC1136.html,smithsonian:ld1-1643399887910-1643399893359-1
1137,"Smithsonian","Design for a Tray with Punch Bowl and Glasses","CC0 — Public Domain",https://archai-api.fineartmedia.tech/aux/NFC1137.html,smithsonian:ld1-1643399887910-1643399910913-1
1138,"Smithsonian","Wallpaper Design","CC0 — Public Domain",https://archai-api.fineartmedia.tech/aux/NFC1138.html,smithsonian:ld1-1643399887910-1643399913264-0
1139,"Smithsonian","Wallpaper Design","CC0 — Public Domain",https://archai-api.fineartmedia.tech/aux/NFC1139.html,smithsonian:ld1-1643399887910-1643399913265-0
1140,"Smithsonian","Wallpaper Design","CC0 — Public Domain",https://archai-api.fineartmedia.tech/aux/NFC1140.html,smithsonian:ld1-1643399887910-1643399913269-0
1141,"Smithsonian","Wallpaper Design","CC0 — Public Domain",https://archai-api.fineartmedia.tech/aux/NFC1141.html,smithsonian:ld1-1643399887910-1643399913270-0
1142,"Smithsonian","Wallpaper Design","CC0 — Public Domain",https://archai-api.fineartmedia.tech/aux/NFC1142.html,smithsonian:ld1-1643399887910-1643399913270-1
1143,"Smithsonian","Design for a Painted Wall Decoration","CC0 — Public Domain",https://archai-api.fineartmedia.tech/aux/NFC1143.html,smithsonian:ld1-1643399887910-1643399913271-0
1144,"Smithsonian","Wallpaper Design","CC0 — Public Domain",https://archai-api.fineartmedia.tech/aux/NFC1144.html,smithsonian:ld1-1643399887910-1643399913272-1
1145,"Smithsonian","Wallpaper Design","CC0 — Public Domain",https://archai-api.fineartmedia.tech/aux/NFC1145.html,smithsonian:ld1-1643399887910-1643399913274-0
1146,"Smithsonian","Wallpaper Design","CC0 — Public Domain",https://archai-api.fineartmedia.tech/aux/NFC1146.html,smithsonian:ld1-1643399887910-1643399913276-1
1147,"Smithsonian","Wallpaper Design","CC0 — Public Domain",https://archai-api.fineartmedia.tech/aux/NFC1147.html,smithsonian:ld1-1643399887910-1643399913278-1
1148,"Smithsonian","Wallpaper Design","CC0 — Public Domain",https://archai-api.fineartmedia.tech/aux/NFC1148.html,smithsonian:ld1-1643399887910-1643399913279-1
1149,"Smithsonian","Wallpaper Design","CC0 — Public Domain",https://archai-api.fineartmedia.tech/aux/NFC1149.html,smithsonian:ld1-1643399887910-1643399913280-0
1150,"Smithsonian","Wallpaper Design","CC0 — Public Domain",https://archai-api.fineartmedia.tech/aux/NFC1150.html,smithsonian:ld1-1643399887910-1643399913281-0
1151,"Smithsonian","Wallpaper Design","CC0 — Public Domain",https://archai-api.fineartmedia.tech/aux/NFC1151.html,smithsonian:ld1-1643399887910-1643399913282-0
1152,"Smithsonian","Wallpaper Design","CC0 — Public Domain",https://archai-api.fineartmedia.tech/aux/NFC1152.html,smithsonian:ld1-1643399887910-1643399913283-0
1153,"Smithsonian","Wallpaper Design","CC0 — Public Domain",https://archai-api.fineartmedia.tech/aux/NFC1153.html,smithsonian:ld1-1643399887910-1643399913283-1
1154,"Smithsonian","Design for a Painted Wall Decoration","CC0 — Public Domain",https://archai-api.fineartmedia.tech/aux/NFC1154.html,smithsonian:ld1-1643399887910-1643399913284-0
1155,"Smithsonian","Wallpaper Design","CC0 — Public Domain",https://archai-api.fineartmedia.tech/aux/NFC1155.html,smithsonian:ld1-1643399887910-1643399913285-0
1156,"Smithsonian","Wallpaper Design","CC0 — Public Domain",https://archai-api.fineartmedia.tech/aux/NFC1156.html,smithsonian:ld1-1643399887910-1643399913285-1
1157,"Smithsonian","Wallpaper Design","CC0 — Public Domain",https://archai-api.fineartmedia.tech/aux/NFC1157.html,smithsonian:ld1-1643399887910-1643399913286-0
1158,"Smithsonian","Wallpaper Design","CC0 — Public Domain",https://archai-api.fineartmedia.tech/aux/NFC1158.html,smithsonian:ld1-1643399887910-1643399913289-1
1159,"Smithsonian","Design for Painted Decoration of a Wall","CC0 — Public Domain",https://archai-api.fineartmedia.tech/aux/NFC1159.html,smithsonian:ld1-1643399887910-1643399913290-0
1160,"Smithsonian","Design for Painted Decoration of a Wall","CC0 — Public Domain",https://archai-api.fineartmedia.tech/aux/NFC1160.html,smithsonian:ld1-1643399887910-1643399913291-0
1161,"Smithsonian","Wallpaper Design","CC0 — Public Domain",https://archai-api.fineartmedia.tech/aux/NFC1161.html,smithsonian:ld1-1643399887910-1643399913293-0
1162,"Smithsonian","Wallpaper Design","CC0 — Public Domain",https://archai-api.fineartmedia.tech/aux/NFC1162.html,smithsonian:ld1-1643399887910-1643399913293-1
1163,"Smithsonian","Wallpaper Design","CC0 — Public Domain",https://archai-api.fineartmedia.tech/aux/NFC1163.html,smithsonian:ld1-1643399887910-1643399913294-0
1164,"Smithsonian","Wallpaper Design","CC0 — Public Domain",https://archai-api.fineartmedia.tech/aux/NFC1164.html,smithsonian:ld1-1643399887910-1643399913297-0
1165,"Smithsonian","Design for Painted Decoration of a Wall, with Alternate Suggestions","CC0 — Public Domain",https://archai-api.fineartmedia.tech/aux/NFC1165.html,smithsonian:ld1-1643399887910-1643399913298-0
1166,"Smithsonian","Wallpaper Design","CC0 — Public Domain",https://archai-api.fineartmedia.tech/aux/NFC1166.html,smithsonian:ld1-1643399887910-1643399913299-1
1167,"Smithsonian","Wallpaper Design","CC0 — Public Domain",https://archai-api.fineartmedia.tech/aux/NFC1167.html,smithsonian:ld1-1643399887910-1643399913300-1
1168,"Smithsonian","Design for Painted Decoration of a Wall","CC0 — Public Domain",https://archai-api.fineartmedia.tech/aux/NFC1168.html,smithsonian:ld1-1643399887910-1643399913302-1
1169,"Smithsonian","Wallpaper Design","CC0 — Public Domain",https://archai-api.fineartmedia.tech/aux/NFC1169.html,smithsonian:ld1-1643399887910-1643399913303-0
1170,"Smithsonian","Wallpaper Design","CC0 — Public Domain",https://archai-api.fineartmedia.tech/aux/NFC1170.html,smithsonian:ld1-1643399887910-1643399913306-0
1171,"Smithsonian","Wallpaper Design","CC0 — Public Domain",https://archai-api.fineartmedia.tech/aux/NFC1171.html,smithsonian:ld1-1643399887910-1643399913306-1
1172,"Smithsonian","Wallpaper Design","CC0 — Public Domain",https://archai-api.fineartmedia.tech/aux/NFC1172.html,smithsonian:ld1-1643399887910-1643399913308-0
1173,"Smithsonian","Design for Textile","CC0 — Public Domain",https://archai-api.fineartmedia.tech/aux/NFC1173.html,smithsonian:ld1-1643399887910-1643399918763-1
1174,"Smithsonian","Design for the Decoration of the Saloon, Royal Pavillion, Brighton","CC0 — Public Domain",https://archai-api.fineartmedia.tech/aux/NFC1174.html,smithsonian:ld1-1643399887910-1643399919344-0
1175,"Smithsonian","Wallpaper Invoice for the firm of Arthur et Robert","CC0 — Public Domain",https://archai-api.fineartmedia.tech/aux/NFC1175.html,smithsonian:ld1-1643399887910-1643399919908-0
1176,"Smithsonian","Designs for Colored Glass Vases","CC0 — Public Domain",https://archai-api.fineartmedia.tech/aux/NFC1176.html,smithsonian:ld1-1643399887910-1643399924446-0
1177,"Smithsonian","Tile","CC0 — Public Domain",https://archai-api.fineartmedia.tech/aux/NFC1177.html,smithsonian:ld1-1643399887910-1643399929751-0
1178,"Smithsonian","Front entrance group stained glass windows","CC0 — Public Domain",https://archai-api.fineartmedia.tech/aux/NFC1178.html,smithsonian:ld1-1643399887910-1643399931566-0
1179,"Smithsonian","""Insomnia,"" Study for a Poster for Paine's Celery Compound","CC0 — Public Domain",https://archai-api.fineartmedia.tech/aux/NFC1179.html,smithsonian:ld1-1643399887910-1643399932863-0
1180,"Smithsonian","Textile","CC0 — Public Domain",https://archai-api.fineartmedia.tech/aux/NFC1180.html,smithsonian:ld1-1643399887910-1643399933611-0
1181,"Smithsonian","Textile","CC0 — Public Domain",https://archai-api.fineartmedia.tech/aux/NFC1181.html,smithsonian:ld1-1643399887910-1643399934133-1
1182,"Smithsonian","Textile","CC0 — Public Domain",https://archai-api.fineartmedia.tech/aux/NFC1182.html,smithsonian:ld1-1643399887910-1643399934480-0
1183,"Smithsonian","Textile","CC0 — Public Domain",https://archai-api.fineartmedia.tech/aux/NFC1183.html,smithsonian:ld1-1643399887910-1643399938068-0
1184,"Smithsonian","Textile","CC0 — Public Domain",https://archai-api.fineartmedia.tech/aux/NFC1184.html,smithsonian:ld1-1643399887910-1643399938363-1
1186,"Smithsonian","Sidewall","CC0 — Public Domain",https://archai-api.fineartmedia.tech/aux/NFC1186.html,smithsonian:ld1-1643399887910-1643399943798-0
1187,"Smithsonian","Geometric Pattern Imitating Warp Ikat (Kasuri)","CC0 — Public Domain",https://archai-api.fineartmedia.tech/aux/NFC1187.html,smithsonian:ld1-1643399887910-1643399945751-0
1188,"Smithsonian","Gee I wish I were a Man, I'd Join the Navy","CC0 — Public Domain",https://archai-api.fineartmedia.tech/aux/NFC1188.html,smithsonian:ld1-1643399887910-1643399950099-0
1189,"Smithsonian","Hold Up Your End! War Fund Week","CC0 — Public Domain",https://archai-api.fineartmedia.tech/aux/NFC1189.html,smithsonian:ld1-1643399887910-1643399950102-1
1190,"Smithsonian","Teamwork Builds Ships","CC0 — Public Domain",https://archai-api.fineartmedia.tech/aux/NFC1190.html,smithsonian:ld1-1643399887910-1643399950105-0
1191,"Smithsonian","The Chap-Book (Blue Lady)","CC0 — Public Domain",https://archai-api.fineartmedia.tech/aux/NFC1191.html,smithsonian:ld1-1643399887910-1643399975334-0
1192,"Smithsonian","Design for stained glass","CC0 — Public Domain",https://archai-api.fineartmedia.tech/aux/NFC1192.html,smithsonian:ld1-1643399887910-1643399978707-0
1193,"Smithsonian","Design for stained glass","CC0 — Public Domain",https://archai-api.fineartmedia.tech/aux/NFC1193.html,smithsonian:ld1-1643399887910-1643399978709-0
1194,"Smithsonian","Design for stained glass","CC0 — Public Domain",https://archai-api.fineartmedia.tech/aux/NFC1194.html,smithsonian:ld1-1643399887910-1643399978709-1
1195,"Smithsonian","Design for stained glass","CC0 — Public Domain",https://archai-api.fineartmedia.tech/aux/NFC1195.html,smithsonian:ld1-1643399887910-1643399978710-0
1196,"Smithsonian","Design for stained glass","CC0 — Public Domain",https://archai-api.fineartmedia.tech/aux/NFC1196.html,smithsonian:ld1-1643399887910-1643399978710-1
1197,"Smithsonian","Design for stained glass","CC0 — Public Domain",https://archai-api.fineartmedia.tech/aux/NFC1197.html,smithsonian:ld1-1643399887910-1643399978711-0
1198,"Smithsonian","Design for stained glass","CC0 — Public Domain",https://archai-api.fineartmedia.tech/aux/NFC1198.html,smithsonian:ld1-1643399887910-1643399978711-1
1199,"Smithsonian","Design for stained glass","CC0 — Public Domain",https://archai-api.fineartmedia.tech/aux/NFC1199.html,smithsonian:ld1-1643399887910-1643399978712-0
1200,"Smithsonian","Design for stained glass","CC0 — Public Domain",https://archai-api.fineartmedia.tech/aux/NFC1200.html,smithsonian:ld1-1643399887910-1643399978712-1
1201,"Smithsonian","Design for stained glass","CC0 — Public Domain",https://archai-api.fineartmedia.tech/aux/NFC1201.html,smithsonian:ld1-1643399887910-1643399978714-1
1202,"Smithsonian","Design for stained glass","CC0 — Public Domain",https://archai-api.fineartmedia.tech/aux/NFC1202.html,smithsonian:ld1-1643399887910-1643399978715-0
1203,"Smithsonian","Design for stained glass","CC0 — Public Domain",https://archai-api.fineartmedia.tech/aux/NFC1203.html,smithsonian:ld1-1643399887910-1643399978715-1
1204,"Smithsonian","Design for stained glass","CC0 — Public Domain",https://archai-api.fineartmedia.tech/aux/NFC1204.html,smithsonian:ld1-1643399887910-1643399978716-0
1205,"Smithsonian","Design for stained glass","CC0 — Public Domain",https://archai-api.fineartmedia.tech/aux/NFC1205.html,smithsonian:ld1-1643399887910-1643399978716-1
1206,"Smithsonian","Design for stained glass","CC0 — Public Domain",https://archai-api.fineartmedia.tech/aux/NFC1206.html,smithsonian:ld1-1643399887910-1643399978717-0
1207,"Smithsonian","Design for stained glass","CC0 — Public Domain",https://archai-api.fineartmedia.tech/aux/NFC1207.html,smithsonian:ld1-1643399887910-1643399978717-1
1208,"Smithsonian","Design for stained glass","CC0 — Public Domain",https://archai-api.fineartmedia.tech/aux/NFC1208.html,smithsonian:ld1-1643399887910-1643399978718-0
1209,"Smithsonian","Design for stained glass","CC0 — Public Domain",https://archai-api.fineartmedia.tech/aux/NFC1209.html,smithsonian:ld1-1643399887910-1643399978719-0
1210,"Smithsonian","Design for stained glass","CC0 — Public Domain",https://archai-api.fineartmedia.tech/aux/NFC1210.html,smithsonian:ld1-1643399887910-1643399978719-1
1211,"Smithsonian","Design for stained glass","CC0 — Public Domain",https://archai-api.fineartmedia.tech/aux/NFC1211.html,smithsonian:ld1-1643399887910-1643399978720-0
1212,"Smithsonian","Design for stained glass","CC0 — Public Domain",https://archai-api.fineartmedia.tech/aux/NFC1212.html,smithsonian:ld1-1643399887910-1643399978721-1
1213,"Smithsonian","Design for stained glass","CC0 — Public Domain",https://archai-api.fineartmedia.tech/aux/NFC1213.html,smithsonian:ld1-1643399887910-1643399978722-0
1214,"Smithsonian","Design for stained glass","CC0 — Public Domain",https://archai-api.fineartmedia.tech/aux/NFC1214.html,smithsonian:ld1-1643399887910-1643399978722-1
1215,"Smithsonian","Design for stained glass","CC0 — Public Domain",https://archai-api.fineartmedia.tech/aux/NFC1215.html,smithsonian:ld1-1643399887910-1643399978723-0
1216,"Smithsonian","Design for stained glass","CC0 — Public Domain",https://archai-api.fineartmedia.tech/aux/NFC1216.html,smithsonian:ld1-1643399887910-1643399978723-1
1217,"Smithsonian","Design for stained glass","CC0 — Public Domain",https://archai-api.fineartmedia.tech/aux/NFC1217.html,smithsonian:ld1-1643399887910-1643399978725-0
1218,"Smithsonian","Design for stained glass","CC0 — Public Domain",https://archai-api.fineartmedia.tech/aux/NFC1218.html,smithsonian:ld1-1643399887910-1643399978725-1
1219,"Smithsonian","Bell XP-59A Airacomet","CC0 — Public Domain",https://archai-api.fineartmedia.tech/aux/NFC1219.html,smithsonian:ld1-1643400021979-1643400022253-0
1220,"Smithsonian","Fulton Airphibian FA-3-101","CC0 — Public Domain",https://archai-api.fineartmedia.tech/aux/NFC1220.html,smithsonian:ld1-1643400021979-1643400023013-0
1221,"Smithsonian","McDonnell FH-1 Phantom I","CC0 — Public Domain",https://archai-api.fineartmedia.tech/aux/NFC1221.html,smithsonian:ld1-1643400021979-1643400023014-0
1222,"Smithsonian","Hiller XHOE-1 Hornet","CC0 — Public Domain",https://archai-api.fineartmedia.tech/aux/NFC1222.html,smithsonian:ld1-1643400021979-1643400023655-0
1223,"Smithsonian","Aichi M6A1 Seiran (Clear Sky Storm)","CC0 — Public Domain",https://archai-api.fineartmedia.tech/aux/NFC1223.html,smithsonian:ld1-1643400021979-1643400023748-0
1224,"Smithsonian","Curtiss N-9H","CC0 — Public Domain",https://archai-api.fineartmedia.tech/aux/NFC1224.html,smithsonian:ld1-1643400021979-1643400023774-0
1225,"Smithsonian","Lockheed Vega 5B, Amelia Earhart","CC0 — Public Domain",https://archai-api.fineartmedia.tech/aux/NFC1225.html,smithsonian:ld1-1643400021979-1643400024371-0
1226,"Smithsonian","Northrop 4A Alpha","CC0 — Public Domain",https://archai-api.fineartmedia.tech/aux/NFC1226.html,smithsonian:ld1-1643400021979-1643400029272-1
1227,"Smithsonian","Lear Jet 23","CC0 — Public Domain",https://archai-api.fineartmedia.tech/aux/NFC1227.html,smithsonian:ld1-1643400021979-1643400030868-0
1228,"Smithsonian","Beechcraft C17L Staggerwing","CC0 — Public Domain",https://archai-api.fineartmedia.tech/aux/NFC1228.html,smithsonian:ld1-1643400021979-1643400033611-0
1229,"Smithsonian","Mikoyan-Gurevich MiG-15 (Ji-2) FAGOT B","CC0 — Public Domain",https://archai-api.fineartmedia.tech/aux/NFC1229.html,smithsonian:ld1-1643400021979-1643400035443-0
1230,"Smithsonian","Beechcraft King Air 65-90","CC0 — Public Domain",https://archai-api.fineartmedia.tech/aux/NFC1230.html,smithsonian:ld1-1643400021979-1643400040777-0
1231,"Smithsonian","Lockheed Martin X-35B STOVL","CC0 — Public Domain",https://archai-api.fineartmedia.tech/aux/NFC1231.html,smithsonian:ld1-1643400021979-1643400042240-0
2159,"Smithsonian","Textile","CC0 — Public Domain",https://archai-api.fineartmedia.tech/aux/NFC2159.html,smithsonian:ld1-1643399887910-1643399893550-0
2162,"Smithsonian","Fragment","CC0 — Public Domain",https://archai-api.fineartmedia.tech/aux/NFC2162.html,smithsonian:ld1-1643399887910-1643399940696-0
1232,"Wellcome Collection","Dissection showing the muscles and bones of the chest and shoulder. Watercolour and pencil drawing, by J.C. Whishaw, 1852/1854.","Public Domain Mark",https://archai-api.fineartmedia.tech/aux/NFC1232.html,wellcome:aabsbw4f
1233,"Wellcome Collection","The muscles of the arm, elbow and shoulder and the bones of the lower arm. Engraving after G. de Lairesse, 1739.","Public Domain Mark",https://archai-api.fineartmedia.tech/aux/NFC1233.html,wellcome:abtk4855
1234,"Wellcome Collection","The bones of the hand (fig.1: palmar; fig. 2: dorsal) and the wrist (fig. 3: detail of carpal bones). Engraving after G. de Lairesse, 1739.","Public Domain Mark",https://archai-api.fineartmedia.tech/aux/NFC1234.html,wellcome:amfjvg2v
1235,"Wellcome Collection","Ten diagrams illustrating various methods of delivering a baby using forceps. Etching, 1791.","Public Domain Mark",https://archai-api.fineartmedia.tech/aux/NFC1235.html,wellcome:b3cn8tgy
1236,"Wellcome Collection","Three different flowers and two fruit with anatomical details. Coloured etching by J. Pass, c. 1799.","Public Domain Mark",https://archai-api.fineartmedia.tech/aux/NFC1236.html,wellcome:b3dsby99
1237,"Wellcome Collection","The bones of the arm. Engraving after G. de Lairesse, 1739.","Public Domain Mark",https://archai-api.fineartmedia.tech/aux/NFC1237.html,wellcome:ba2qd66r
1238,"Wellcome Collection","The uterus, a foetus, the hymen and female genitals, after Haller, Kulm and Huber. Engraving by Benard, late 18th century.","Public Domain Mark",https://archai-api.fineartmedia.tech/aux/NFC1238.html,wellcome:bamh489y
1239,"Wellcome Collection","Johannes Vesling, seated below a swag of surgical instruments, indicates illustrations of the heart in a book displayed by a skeletal corpse. Engraving 1666.","Public Domain Mark",https://archai-api.fineartmedia.tech/aux/NFC1239.html,wellcome:bfw6bv7s
1240,"Wellcome Collection","The arteries of the head after Haller; the eye, after Ruysch; the tongue after Heister. Engraving by Prevost, 1762.","Public Domain Mark",https://archai-api.fineartmedia.tech/aux/NFC1240.html,wellcome:bfzh6qex
1241,"Wellcome Collection","White-jointed spider: two specimens and anatomical parts. Coloured engraving, ca. 1789, after S. Storie.","Public Domain Mark",https://archai-api.fineartmedia.tech/aux/NFC1241.html,wellcome:bhv33385
1242,"Wellcome Collection","The Royal College of Physicians, Warwick Lane, London: the entrance and anatomical theatre, in elevation and section, with plans. Engraving by W. Lowry after J. Elmes after C. R. Cockerell, 1823.","Public Domain Mark",https://archai-api.fineartmedia.tech/aux/NFC1242.html,wellcome:bqpdgcg7
1243,"Wellcome Collection","Anatomical figures: includes écorché figures, details of the skeleton, the circulatory system, internal and reproductive organs. Engraving by E. Rooker, 1740/1770?.","Public Domain Mark",https://archai-api.fineartmedia.tech/aux/NFC1243.html,wellcome:bz5yre59
1244,"Wellcome Collection","Three mosses (Neckera species) with anatomical detail and five carrion eater beetles (Necydalis species). Coloured engraving by J. Pass, c. 1818.","Public Domain Mark",https://archai-api.fineartmedia.tech/aux/NFC1244.html,wellcome:cb4rf6dm
1245,"Wellcome Collection","The first and second cervical vertebrae. Watercolour, pencil and crayon drawing by J.C. Whishaw, 1852.","Public Domain Mark",https://archai-api.fineartmedia.tech/aux/NFC1245.html,wellcome:cbdzqwds
1246,"Wellcome Collection","The muscles of the lower leg with the tendons separated from each other. Engraving after G. de Lairesse, 1739.","Public Domain Mark",https://archai-api.fineartmedia.tech/aux/NFC1246.html,wellcome:cer4jesv
1247,"Wellcome Collection","A deep dissection of the muscles of the thigh. Engraving after G. de Lairesse, 1739.","Public Domain Mark",https://archai-api.fineartmedia.tech/aux/NFC1247.html,wellcome:chcbzxfv
1248,"Wellcome Collection","A back view of the muscles of the thigh, intact but slightly separated from each other. Engraving after G. de Lairesse, 1739.","Public Domain Mark",https://archai-api.fineartmedia.tech/aux/NFC1248.html,wellcome:chws9keu
1249,"Wellcome Collection","Human proportions: two figures. Drawing, 18--.","Public Domain Mark",https://archai-api.fineartmedia.tech/aux/NFC1249.html,wellcome:ct7335s9
1250,"Wellcome Collection","The muscles of the back of the hand and the forearm dissected. The tendons are raised and separated by various instruments. Engraving after G. de Lairesse, 1739.","Public Domain Mark",https://archai-api.fineartmedia.tech/aux/NFC1250.html,wellcome:czpehfmk
1251,"Wellcome Collection","The Royal College of Surgeons, Lincoln's Inn Fields, London: the interior of the Hunterian Museum. Coloured engraving by E. Radclyffe after T. H. Shepherd.","Public Domain Mark",https://archai-api.fineartmedia.tech/aux/NFC1251.html,wellcome:d23jqtzu
1252,"Wellcome Collection","Male bust on a plinth: two figures. Pencil and ink wash drawing, after an unidentified work on anatomy, ca. 1830(?).","Public Domain Mark",https://archai-api.fineartmedia.tech/aux/NFC1252.html,wellcome:d2rztza4
1253,"Wellcome Collection","Human skull: side view. Watercolour, ink and pencil drawing by J.C. Whishaw, ca. 1854.","Public Domain Mark",https://archai-api.fineartmedia.tech/aux/NFC1253.html,wellcome:d55hyqeh
1254,"Wellcome Collection","A man standing, anterior view with brain and contents of thorax and abdomen exposed. Engraving by Giulio de' Musi, by 1552, first published in 1714.","Public Domain Mark",https://archai-api.fineartmedia.tech/aux/NFC1254.html,wellcome:d9a4b7fz
1255,"Wellcome Collection","Muscles and bones of the shoulder, neck and chest. Watercolour and pencil drawing by J.C. Whishaw, ca. 1853.","Public Domain Mark",https://archai-api.fineartmedia.tech/aux/NFC1255.html,wellcome:d9qrhdqy
1256,"Wellcome Collection","The muscles of the human body, seen from the front, after Eustachius. Etching by G. Bickham, 1743, after himself, after an engraving, c. 1552.","Public Domain Mark",https://archai-api.fineartmedia.tech/aux/NFC1256.html,wellcome:ddg7czc5
1257,"Wellcome Collection","The arteries of the thorax, after Haller. Engraving by Prevost, 1762.","Public Domain Mark",https://archai-api.fineartmedia.tech/aux/NFC1257.html,wellcome:dgudy2up
1258,"Wellcome Collection","The sacrum, shown with the second, third and fifth lumbar vertebrae: four figures. Watercolour, pencil and crayon drawing by J.C. Whishaw, 1853.","Public Domain Mark",https://archai-api.fineartmedia.tech/aux/NFC1258.html,wellcome:dk7tqgmy
1259,"Wellcome Collection","Dissection of the back of the neck. Watercolour and pencil drawing, copied by J.C. Whishaw, 1854.","Public Domain Mark",https://archai-api.fineartmedia.tech/aux/NFC1259.html,wellcome:e64db8hg
1260,"Wellcome Collection","Giant water lily (Victoria amazonica): twenty one different anatomical segments of the plant. Coloured lithograph by W. Fitch, c. 1845, after himself.","Public Domain Mark",https://archai-api.fineartmedia.tech/aux/NFC1260.html,wellcome:escge466
1261,"Wellcome Collection","A spiked rush (Juncus spicatus) and millipede (Iulus species) with anatomical detail. Coloured etching by J. Pass, c. 1811.","Public Domain Mark",https://archai-api.fineartmedia.tech/aux/NFC1261.html,wellcome:fbxudrgd
1262,"Wellcome Collection","Bones of the elbow joint: eight figures. Watercolour and pencil drawing by J.C. Whishaw, 1853.","Public Domain Mark",https://archai-api.fineartmedia.tech/aux/NFC1262.html,wellcome:fgurdaj9
1263,"Wellcome Collection","Muscles of the neck: sixteen figures. Coloured drawing, 18--.","Public Domain Mark",https://archai-api.fineartmedia.tech/aux/NFC1263.html,wellcome:ft72qkhf
1264,"Wellcome Collection","A crocus (Crocus stellaris): entire flowering plant and its anatomical segments. Coloured etching, c. 1812.","Public Domain Mark",https://archai-api.fineartmedia.tech/aux/NFC1264.html,wellcome:fv3j49su
1265,"Wellcome Collection","The arteries of the head after Haller; the eye, after Ruysch; the tongue after Heister. Engraving by Benard, late 18th century.","Public Domain Mark",https://archai-api.fineartmedia.tech/aux/NFC1265.html,wellcome:gapsthnk
1266,"Wellcome Collection","Écorché legs: two figures. Pencil and ink wash drawing, after an unidentified work on anatomy, ca. 1830(?).","Public Domain Mark",https://archai-api.fineartmedia.tech/aux/NFC1266.html,wellcome:gc9jjfzh
1267,"Wellcome Collection","Femur bone. Watercolour and pencil drawing by J.C. Whishaw, 1852/1854.","Public Domain Mark",https://archai-api.fineartmedia.tech/aux/NFC1267.html,wellcome:gfqj4hyc
1268,"Wellcome Collection","A sky-lit anatomy theatre with anatomical specimens in jars and a suspended skeleton. Colour acquatint by J. C. Stadler after A. Pugin, 1815.","Public Domain Mark",https://archai-api.fineartmedia.tech/aux/NFC1268.html,wellcome:gj82r6wv
1269,"Wellcome Collection","Part of the pelvis: the hip bone. Pencil and watercolour drawing by J.C. Whishaw, 1852/1854.","Public Domain Mark",https://archai-api.fineartmedia.tech/aux/NFC1269.html,wellcome:gjen7rhq
1270,"Wellcome Collection","Study of a hand. Charcoal drawing by A. Mongrédien, 28 July 1881.","Public Domain Mark",https://archai-api.fineartmedia.tech/aux/NFC1270.html,wellcome:gnbx9jcc
1271,"Wellcome Collection","Cross-section of a skull including detail of inner ear. Pencil drawing, after an unidentified work on anatomy, ca. 1830(?).","Public Domain Mark",https://archai-api.fineartmedia.tech/aux/NFC1271.html,wellcome:gsmh8vby
1272,"Wellcome Collection","Muscles of the shoulder, upper and lower arm. Engraving after G. de Lairesse, 1739.","Public Domain Mark",https://archai-api.fineartmedia.tech/aux/NFC1272.html,wellcome:gusjtpww
1273,"Wellcome Collection","Muscles of the back and shoulder. Engraving after G. de Lairesse, 1739.","Public Domain Mark",https://archai-api.fineartmedia.tech/aux/NFC1273.html,wellcome:gy36hpgy
1274,"Wellcome Collection","A surgeon performing a lithotomy on a patient who is being restrained by three assistants, with five other anatomical illustrations. Engraving by F. Sesoni, 1749, after L. Heister.","Public Domain Mark",https://archai-api.fineartmedia.tech/aux/NFC1274.html,wellcome:h2np2qup
1275,"Wellcome Collection","The muscles of the left hip and thigh dissected away to expose the bones of the hip and the head of the femur. Engraving after G. de Lairesse, 1739.","Public Domain Mark",https://archai-api.fineartmedia.tech/aux/NFC1275.html,wellcome:h5xqgwgm
1276,"Wellcome Collection","Nervous system after Vieussens (fig. 1); brain and spinal cord after Eustachius (fig. 2) Engraving by Benard, late 18th century.","Public Domain Mark",https://archai-api.fineartmedia.tech/aux/NFC1276.html,wellcome:hfezkecb
1277,"Wellcome Collection","The arteries of the head after Haller; the eye, after Ruysch, Cowper and Bidloo. Engraving by A.J. Defehrt, 1762.","Public Domain Mark",https://archai-api.fineartmedia.tech/aux/NFC1277.html,wellcome:hg8ak4tb
1278,"Wellcome Collection","The gluteus muscles of the left side of the body. Engraving after G. de Lairesse, 1739.","Public Domain Mark",https://archai-api.fineartmedia.tech/aux/NFC1278.html,wellcome:hmsvq9tg
1279,"Wellcome Collection","A microscopic animal (Aseroe rubra) and a spider, both with anatomical segments. Engraving by Sparrow, ca. 1792, after J. Piron.","Public Domain Mark",https://archai-api.fineartmedia.tech/aux/NFC1279.html,wellcome:hvgy6z32
1280,"Wellcome Collection","The muscles of the human body, seen from the front, after Eustachius. Etching by G. Bickham, 1743, after himself, after an engraving, c. 1552.","Public Domain Mark",https://archai-api.fineartmedia.tech/aux/NFC1280.html,wellcome:j42gjjb5
1281,"Wellcome Collection","The muscles of the back, with the hands tied together at the wrist. Engraving after G. de Lairesse, 1739.","Public Domain Mark",https://archai-api.fineartmedia.tech/aux/NFC1281.html,wellcome:j6wuyhn3
1282,"Wellcome Collection","A skeleton seen from the front, resting the bones of the right forearm on a spade and holding a skull aloft in its left hand. On the left is an illustration of the sacrum and on the right, a skull in profile, with further bones to be seen at the skeleton's feet. Photograph of a woodcut, c. 1590.","Public Domain Mark",https://archai-api.fineartmedia.tech/aux/NFC1282.html,wellcome:japk3n2q
1283,"Wellcome Collection","A skeleton, seated on a ledge, writes 'Recueil D'anatomie' on the cover of a book: behind him is shown an anatomy drawing and an hour-glass. Etching by or after J. Gamelin, 1778/1779.","Public Domain Mark",https://archai-api.fineartmedia.tech/aux/NFC1283.html,wellcome:jb2u3f39
1284,"Wellcome Collection","The sphenoid bone, shown from behind. Pencil and watercolour drawing by J.C. Whishaw, 1852.","Public Domain Mark",https://archai-api.fineartmedia.tech/aux/NFC1284.html,wellcome:jfay96hf
1285,"Wellcome Collection","The right scapula: three figures. Watercolour, pencil and crayon drawing by J.C. Whishaw, 1853.","Public Domain Mark",https://archai-api.fineartmedia.tech/aux/NFC1285.html,wellcome:jnhjhqez
1286,"Wellcome Collection","A deep dissection of the muscles of the thigh, seen from the back. Engraving after G. de Lairesse, 1739.","Public Domain Mark",https://archai-api.fineartmedia.tech/aux/NFC1286.html,wellcome:jvt38cb8
1287,"Wellcome Collection","A dissection in progress: the anatomy professor at his lectern. Line block after a drawing after a woodcut, 1493.","Public Domain Mark",https://archai-api.fineartmedia.tech/aux/NFC1287.html,wellcome:khf7ug7g
1288,"Wellcome Collection","Cervical, thoracic and lumbar vertebrae. Engraving after G. de Lairesse, 1739.","Public Domain Mark",https://archai-api.fineartmedia.tech/aux/NFC1288.html,wellcome:kk8qvtxa
1289,"Wellcome Collection","Bones of the cheek: side view of the temporal, schenoid and malar bones. Pencil and watercolour drawing by J.C. Whishaw, 1852.","Public Domain Mark",https://archai-api.fineartmedia.tech/aux/NFC1289.html,wellcome:kkjrturw
1290,"Wellcome Collection","An ankylosis of the bones of the fractured right femur (thigh-bone) and tibia (lower leg bone) (figs 1-2) and the radius and ulna (bones of the forearm) joined by a flexible callus (figs 3-4) Engraving, 1749.","Public Domain Mark",https://archai-api.fineartmedia.tech/aux/NFC1290.html,wellcome:kuteub52
1291,"Wellcome Collection","A surgeon performing a lithotomy on a patient who is being restrained by three assistants, with ten other anatomical illustrations. Engraving by R. Parr.","Public Domain Mark",https://archai-api.fineartmedia.tech/aux/NFC1291.html,wellcome:kwxeqrpb
1292,"Wellcome Collection","Base of the skull, with details showing the lower jaw. Watercolour, ink and pencil drawing by J.C. Whishaw, 1854.","Public Domain Mark",https://archai-api.fineartmedia.tech/aux/NFC1292.html,wellcome:m2ystb7c
1293,"Wellcome Collection","Interior of the base of the human skull. Watercolour and pencil drawing, by J.C. Whishaw, 1852.","Public Domain Mark",https://archai-api.fineartmedia.tech/aux/NFC1293.html,wellcome:m3hzm5nn
1294,"Wellcome Collection","Muscles of the pharynx, viewed from the back and side, and separated. Colour mezzotint by J. F. Gautier d'Agoty after himself, 1745-1746.","Public Domain Mark",https://archai-api.fineartmedia.tech/aux/NFC1294.html,wellcome:m4ydk2jh
1295,"Wellcome Collection","Left, muscles of the head and trunk (front view); right, muscles of the thigh and leg (front view). Coloured drawing, 18--.","Public Domain Mark",https://archai-api.fineartmedia.tech/aux/NFC1295.html,wellcome:m7j4c4qb
1296,"Wellcome Collection","The Royal College of Physicians, Warwick Lane, London: the entrance and anatomical theatre, in elevation and section. Engraving by J. Le Keux after S. Ware, 1825.","Public Domain Mark",https://archai-api.fineartmedia.tech/aux/NFC1296.html,wellcome:m8baad9s
1297,"Wellcome Collection","Clavicle bone: three figures. Watercolour and pencil drawing by J.C. Whishaw, 1852/1854.","Public Domain Mark",https://archai-api.fineartmedia.tech/aux/NFC1297.html,wellcome:myztepg5
1298,"Wellcome Collection","The female generative organs, after Haller. Engraving by Benard, late 18th century.","Public Domain Mark",https://archai-api.fineartmedia.tech/aux/NFC1298.html,wellcome:n2uk8r5p
1299,"Wellcome Collection","Bones and muscles of the back of the head and ears. Pencil and watercolour drawing by J.C. Whishaw, 1854.","Public Domain Mark",https://archai-api.fineartmedia.tech/aux/NFC1299.html,wellcome:n8z25hva
1300,"Wellcome Collection","A suspended lower arm from which the skin and fatty layer has been removed to reveal the muscles. Next to it is a knife and a surgical instrument case with its lid. Engraving after G. de Lairesse, 1739.","Public Domain Mark",https://archai-api.fineartmedia.tech/aux/NFC1300.html,wellcome:neq7akzf
1301,"Wellcome Collection","Left, muscles of the head and trunk (front view); right, muscles of the thigh and leg (front view). Coloured drawing, 18--.","Public Domain Mark",https://archai-api.fineartmedia.tech/aux/NFC1301.html,wellcome:ntpxe2nn
1302,"Wellcome Collection","Left, muscles of the head and trunk (back view); right, muscles of the thigh and leg (back view). Coloured drawing, 18--.","Public Domain Mark",https://archai-api.fineartmedia.tech/aux/NFC1302.html,wellcome:p56fbrfw
1303,"Wellcome Collection","The ear: muscles and cartailage. Coloured drawing, 18--.","Public Domain Mark",https://archai-api.fineartmedia.tech/aux/NFC1303.html,wellcome:pdzwsxwp
1304,"Wellcome Collection","The uterus, after Swammerdam, De Graaf and Cheselden. Etching, 1743.","Public Domain Mark",https://archai-api.fineartmedia.tech/aux/NFC1304.html,wellcome:phgxpj5c
1305,"Wellcome Collection","Muscles of the thigh, seen from the front. Engraving after G. de Lairesse, 1739.","Public Domain Mark",https://archai-api.fineartmedia.tech/aux/NFC1305.html,wellcome:pm8hmngu
1306,"Wellcome Collection","The trunks of the vena cava, with their branches(Table VI, fig. 1); the trunks of the vena porta (Table VI, fig. 2), both after an engraving by M. Vandergucht after W. Cowper, 1702, after a preparation by G. Leoni, c. 1645; the brain, nerves and spine, after Eustachius, by 1552 (Table VII) Etching by I. Basire, 1743.","Public Domain Mark",https://archai-api.fineartmedia.tech/aux/NFC1306.html,wellcome:pmjvy7uq
1307,"Wellcome Collection","The muscles of the back of the lower left leg. Engraving after G. de Lairesse, 1739.","Public Domain Mark",https://archai-api.fineartmedia.tech/aux/NFC1307.html,wellcome:pp48gf6b
1308,"Wellcome Collection","A crucified écorché. Process print after a woodcut, 1541.","Public Domain Mark",https://archai-api.fineartmedia.tech/aux/NFC1308.html,wellcome:pp9cxgh4
1309,"Wellcome Collection","A false ankylosis of the right femur (thigh-bone), seen from the front and back (figs 1-2) and divided for an interior view (fig. 3) Engraving, 1749.","Public Domain Mark",https://archai-api.fineartmedia.tech/aux/NFC1309.html,wellcome:pwj3crfd
1310,"Wellcome Collection","The genito-urinary system, after Eustachius, Cheselden, and De Graaf. Etching, 1743.","Public Domain Mark",https://archai-api.fineartmedia.tech/aux/NFC1310.html,wellcome:qe4jyhj8
1311,"Wellcome Collection","Écorché figure with right leg bent, holding foot behind him, and detail of a head and neck. Pencil and ink wash drawing, after an unidentified work on anatomy, ca. 1830(?).","Public Domain Mark",https://archai-api.fineartmedia.tech/aux/NFC1311.html,wellcome:qfkhwg6p
1312,"Wellcome Collection","A walking écorché in right profile with his right arm detached and suspended behind him. Engraving by Philip Galle.","Public Domain Mark",https://archai-api.fineartmedia.tech/aux/NFC1312.html,wellcome:qh8cfwyc
1313,"Wellcome Collection","Anatomy of a fish and an unidentified animal: two figures. Pen and ink drawing by J.C. Whishaw, 1852/1854.","Public Domain Mark",https://archai-api.fineartmedia.tech/aux/NFC1313.html,wellcome:qhgec7wr
1314,"Wellcome Collection","Nervous system after Vieussens (fig. 1); brain and spinal cord after Eustachius (fig. 2) Engraving by Defehrt, 1762.","Public Domain Mark",https://archai-api.fineartmedia.tech/aux/NFC1314.html,wellcome:r2dt2hum
1315,"Wellcome Collection","A skeleton, seen from the front, with labels giving the latin names of the bones. Photograph after a woodcut, 1501.","Public Domain Mark",https://archai-api.fineartmedia.tech/aux/NFC1315.html,wellcome:r58v8u9d
1316,"Wellcome Collection","Muscles of the hand and foot: twelve figures. Coloured drawing, 18--.","Public Domain Mark",https://archai-api.fineartmedia.tech/aux/NFC1316.html,wellcome:r5dgu2pd
1317,"Wellcome Collection","Circulatory systems: seven diagrams, indicating the heart and circulatory systems of mammals, birds, reptiles, lobsters, fish and arachnids. Watercolour drawing by J.C. Whishaw, 1852/1854.","Public Domain Mark",https://archai-api.fineartmedia.tech/aux/NFC1317.html,wellcome:ras8b4jw
1318,"Wellcome Collection","Outline drawing showing the bones of the torso and the pelvis: side view. Pencil and crayon drawing by J.C. Whishaw, 1852/1854.","Public Domain Mark",https://archai-api.fineartmedia.tech/aux/NFC1318.html,wellcome:rbbgnt24
1319,"Wellcome Collection","Skulls and skull fragments, showing different shapes of skulls and variations in sutures, after Eustachius. Etching by I. Basire, 1743, after an engraving, c. 1552.","Public Domain Mark",https://archai-api.fineartmedia.tech/aux/NFC1319.html,wellcome:rdzpp25w
1320,"Wellcome Collection","Left, muscles of the head and trunk (front view); right, muscles of the thigh and leg (front view). Coloured drawing, 18--.","Public Domain Mark",https://archai-api.fineartmedia.tech/aux/NFC1320.html,wellcome:revfv7n2
1321,"Wellcome Collection","The trachea (windpipe) and bronchi. Engraving after G. de Lairesse, 1739.","Public Domain Mark",https://archai-api.fineartmedia.tech/aux/NFC1321.html,wellcome:rtnc945c
1322,"Wellcome Collection","Anatomical instruments on a table used for vivisection. Photolithograph, 1940, after a woodcut, 1543.","Public Domain Mark",https://archai-api.fineartmedia.tech/aux/NFC1322.html,wellcome:s26raf55
1323,"Wellcome Collection","A fern, a moss, a fungus and an alga: all with anatomical details. Coloured etching by J. Pass, c. 1799.","Public Domain Mark",https://archai-api.fineartmedia.tech/aux/NFC1323.html,wellcome:s3an6vub
1324,"Wellcome Collection","The muscles of the lower leg. Engraving after G. de Lairesse, 1739.","Public Domain Mark",https://archai-api.fineartmedia.tech/aux/NFC1324.html,wellcome:sb9rk4zu
1325,"Wellcome Collection","The flexor muscles of the arm, hand and fingers, separated from each other and raised through the use of a dowel and a perforated box. Engraving after G. de Lairesse, 1739.","Public Domain Mark",https://archai-api.fineartmedia.tech/aux/NFC1325.html,wellcome:sch8xh46
1326,"Wellcome Collection","Dissection of the skull and nasal cavities. Pen and ink drawing, copied by J.C. Whishaw, ca. 1852.","Public Domain Mark",https://archai-api.fineartmedia.tech/aux/NFC1326.html,wellcome:sdrv4fmt
1327,"Wellcome Collection","Muscles of the face and neck. Engraving, 1686.","Public Domain Mark",https://archai-api.fineartmedia.tech/aux/NFC1327.html,wellcome:sfg2tjcz
1328,"Wellcome Collection","An anatomical dissection by Realdus Colombus, attended by onlookers. Collotype after a woodcut, 1559.","Public Domain Mark",https://archai-api.fineartmedia.tech/aux/NFC1328.html,wellcome:sfhgfs67
1329,"Wellcome Collection","The course of the veins and the arteries through the body (Table IV), after Eustachius; the arterial system (Table V), after Cowper in Drake. Etching by I. Basire, 1743.","Public Domain Mark",https://archai-api.fineartmedia.tech/aux/NFC1329.html,wellcome:sk7jbh2q
1330,"Wellcome Collection","A rachitic skeleton, measuring two feet two inches in length, seen from the front and the back. Engraving, 1749.","Public Domain Mark",https://archai-api.fineartmedia.tech/aux/NFC1330.html,wellcome:sxn6hrtm
1331,"Wellcome Collection","The arteries of the head after Haller; the eye, after Ruysch, Cowper and Bidloo. Engraving by Benard, late 18th century.","Public Domain Mark",https://archai-api.fineartmedia.tech/aux/NFC1331.html,wellcome:tcpdy9bm
1332,"Wellcome Collection","Left, muscles of the head and trunk (back view); right, muscles of the thigh and leg (back view). Coloured drawing, 18--.","Public Domain Mark",https://archai-api.fineartmedia.tech/aux/NFC1332.html,wellcome:tffsbq8b
1333,"Wellcome Collection","A foetus and placenta with umbilical cord. Engraving, 1686, the second, third, fifth and sixth figures after G. de Lairesse, 1685.","Public Domain Mark",https://archai-api.fineartmedia.tech/aux/NFC1333.html,wellcome:thars2jf
1334,"Wellcome Collection","Skeleton of a crocodile with a dissection of a female round shark. Line engraving after a drawing by S. Edwards, 1809.","Public Domain Mark",https://archai-api.fineartmedia.tech/aux/NFC1334.html,wellcome:tjhvypsj
1335,"Wellcome Collection","Muscles of the lower limbs and the trunk: two écorché figures. Pencil and ink wash drawing, after an unidentified work on anatomy, ca. 1830(?).","Public Domain Mark",https://archai-api.fineartmedia.tech/aux/NFC1335.html,wellcome:tkndbrtv
1336,"Wellcome Collection","The arteries of the thorax, after Haller. Engraving by Benard, late 18th century.","Public Domain Mark",https://archai-api.fineartmedia.tech/aux/NFC1336.html,wellcome:tqxzrkdm
1337,"Wellcome Collection","Five figures of exostoses (tumours) on the left femur (thigh-bone) Engraving, 1749.","Public Domain Mark",https://archai-api.fineartmedia.tech/aux/NFC1337.html,wellcome:tsu29ysm
1338,"Wellcome Collection","The circulatory system: diagram showing the heart, arteries, lungs and major organs, with a cartoon-style face and hands. Watercolour drawing by J.C. Whishaw, ca. 1853.","Public Domain Mark",https://archai-api.fineartmedia.tech/aux/NFC1338.html,wellcome:tubkq8wk
1339,"Wellcome Collection","Bones of the arm: figures showing the shoulder joint, the radius and ulna and the humerus. Watercolour and pencil drawing, by J.C. Whishaw, 1854.","Public Domain Mark",https://archai-api.fineartmedia.tech/aux/NFC1339.html,wellcome:ua3wm5zp
1340,"Wellcome Collection","The viscera (Table XIV), after Eustachius; the blood vessels of the liver (Table XV), after Glisson. Etching by I. Basire, 1743.","Public Domain Mark",https://archai-api.fineartmedia.tech/aux/NFC1340.html,wellcome:ubrjytb7
1341,"Wellcome Collection","Muscles of the neck, tongue and jaws. Colour mezzotint by J.F. Gautier d'Agoty after himself, 1745-1746.","Public Domain Mark",https://archai-api.fineartmedia.tech/aux/NFC1341.html,wellcome:ugwdu74w
1342,"Wellcome Collection","The muscles, tendons, arteries and veins of the thigh. Pencil and crayon drawing by J.C. Whishaw, 1852/1854.","Public Domain Mark",https://archai-api.fineartmedia.tech/aux/NFC1342.html,wellcome:uh8g6x8s
1343,"Wellcome Collection","Muscles of the left thigh and hip. Engraving after G. de Lairesse, 1739.","Public Domain Mark",https://archai-api.fineartmedia.tech/aux/NFC1343.html,wellcome:umm2xe3r
1344,"Wellcome Collection","Head and neck of an écorché figure, in profile. Red and black chalk drawing, with pencil, by C. Landseer, 1815.","Public Domain Mark",https://archai-api.fineartmedia.tech/aux/NFC1344.html,wellcome:und4d2f5
1345,"Wellcome Collection","The viscera, after Haller, showing the lobes of the liver, the stomach, the kidneys, the spleen, etc. Engraving by Benard, late 18th century.","Public Domain Mark",https://archai-api.fineartmedia.tech/aux/NFC1345.html,wellcome:uyf8edfr
1346,"Wellcome Collection","An anatomical dissection in the ancient world, in a landscape setting. Engraving, 1801.","Public Domain Mark",https://archai-api.fineartmedia.tech/aux/NFC1346.html,wellcome:vd7h7wb5
1347,"Wellcome Collection","Three figures of the muscles of the foot, showing the sole of the foot progressively dissected.","Public Domain Mark",https://archai-api.fineartmedia.tech/aux/NFC1347.html,wellcome:vk4jkyku
1348,"Wellcome Collection","Dissection showing the shoulder and chest muscles: view of the pectoral and the deltoid muscles. Watercolour and pencil drawing, by J.C. Whishaw, 1852/1854.","Public Domain Mark",https://archai-api.fineartmedia.tech/aux/NFC1348.html,wellcome:vn6jmkym
1349,"Wellcome Collection","Fifteen different forms of plant root and two anatomical sections. Coloured etching by J. Pass, c. 1799.","Public Domain Mark",https://archai-api.fineartmedia.tech/aux/NFC1349.html,wellcome:vsrushxp
1350,"Wellcome Collection","A skeleton and its shadow. Pen and ink drawing by Joyce Cutler Shaw, 1992.","CC BY 4.0",https://archai-api.fineartmedia.tech/aux/NFC1350.html,wellcome:vytycxt4
1351,"Wellcome Collection","Muscles of the neck, ear, eye, and lower limb: ten figures. Coloured drawing, 18--.","Public Domain Mark",https://archai-api.fineartmedia.tech/aux/NFC1351.html,wellcome:vzw8hhvu
1352,"Wellcome Collection","Ten different forms of plant stem and two anatomical sections. Coloured etching by J. Pass, c. 1799.","Public Domain Mark",https://archai-api.fineartmedia.tech/aux/NFC1352.html,wellcome:w2fbm25x
1353,"Wellcome Collection","A surgeon performing a lithotomy on a patient who is being restrained by three assistants, with five other anatomical illustrations. Engraving by J. Mynde.","Public Domain Mark",https://archai-api.fineartmedia.tech/aux/NFC1353.html,wellcome:w3ez6m5s
1354,"Wellcome Collection","A human skeleton, seen from the front, with labels giving the latin names of the bones. Photograph after a woodcut after Hans Wechtlin, 1517.","Public Domain Mark",https://archai-api.fineartmedia.tech/aux/NFC1354.html,wellcome:w5rv5w9y
1355,"Wellcome Collection","Diagram showing the bones of the human torso, with the heart indicated in red. Pencil and watercolour drawing by J.C. Whishaw, 1852/1854.","Public Domain Mark",https://archai-api.fineartmedia.tech/aux/NFC1355.html,wellcome:w835gxcx
1356,"Wellcome Collection","The muscles of the lower arm and hand dissected and spread out across the dissecting table and a book. Engraving after G. de Lairesse, 1739.","Public Domain Mark",https://archai-api.fineartmedia.tech/aux/NFC1356.html,wellcome:wm6vaxhv
1357,"Wellcome Collection","Left, muscles of the head and trunk (front view); right, muscles of the thigh and leg (front view). Coloured drawing, 18--.","Public Domain Mark",https://archai-api.fineartmedia.tech/aux/NFC1357.html,wellcome:wvyymjcz
1358,"Wellcome Collection","Dorsal vertebrae: eight figures. Watercolour, pencil and crayon drawing by J.C. Whishaw, ca. 1853.","Public Domain Mark",https://archai-api.fineartmedia.tech/aux/NFC1358.html,wellcome:xdc8en56
1359,"Wellcome Collection","Human skull: three-quarter view. Watercolour, ink and pencil drawing by J.C. Whishaw, ca. 1854.","Public Domain Mark",https://archai-api.fineartmedia.tech/aux/NFC1359.html,wellcome:xp5gux2j
1360,"Wellcome Collection","Écorché legs: three figures. Pencil and ink wash drawing, after an unidentified work on anatomy, ca. 1830(?).","Public Domain Mark",https://archai-api.fineartmedia.tech/aux/NFC1360.html,wellcome:xsfbruq3
1361,"Wellcome Collection","The ribs. Engraving after G. de Lairesse, 1739.","Public Domain Mark",https://archai-api.fineartmedia.tech/aux/NFC1361.html,wellcome:xt9rm37e
1362,"Wellcome Collection","Muscles of the foream and hand. Coloured drawing, 18--.","Public Domain Mark",https://archai-api.fineartmedia.tech/aux/NFC1362.html,wellcome:xv34x5zv
1363,"Wellcome Collection","The base of the brain with part of the medulla oblongata, the blood vessels injected with wax, and the cerebellum (Table XII, figs 1-2), after Cowper in Ridley (1695); the foetal heart, the larynx and the viscera (Table XIII), after an etching by G. Vandergucht in Cheselden (1740) Etching by I. Basire, 1743.","Public Domain Mark",https://archai-api.fineartmedia.tech/aux/NFC1363.html,wellcome:xy9r8tfs
1364,"Wellcome Collection","Left, muscles of the head and trunk (back view); right, muscles of the thigh and leg (back view). Coloured drawing, 18--.","Public Domain Mark",https://archai-api.fineartmedia.tech/aux/NFC1364.html,wellcome:xzd92z37
1365,"Wellcome Collection","Bones of the torso: two figures showing the shoulders, ribcage, spine and pelvis, with a cartoon-style face. Pencil drawing, by J.C. Whishaw, 1852/1854.","Public Domain Mark",https://archai-api.fineartmedia.tech/aux/NFC1365.html,wellcome:y67w8qed
1366,"Wellcome Collection","Muscles of the neck: front view from below. Coloured drawing, 18--.","Public Domain Mark",https://archai-api.fineartmedia.tech/aux/NFC1366.html,wellcome:y79pcye6
1367,"Wellcome Collection","Bones and muscles of the face. Pencil and watercolour drawing by J.C. Whishaw, 1854.","Public Domain Mark",https://archai-api.fineartmedia.tech/aux/NFC1367.html,wellcome:yghf5a5q
1368,"Wellcome Collection","The muscles of the lower arm which act on the fingers, thumb and wrist raised from their origins and left at their insertions. Engraving after G. de Lairesse, 1739.","Public Domain Mark",https://archai-api.fineartmedia.tech/aux/NFC1368.html,wellcome:ymuppu8e
1369,"Wellcome Collection","The muscles of the arm and palm of the hand and geometrical diagrams of the tendons and fibres of different muscles. Engraving after G. de Lairesse, 1739.","Public Domain Mark",https://archai-api.fineartmedia.tech/aux/NFC1369.html,wellcome:ymym2mn3
1370,"Wellcome Collection","The extensor muscles of the foot dissected and left attched at their insertions. Engraving after G. de Lairesse, 1739.","Public Domain Mark",https://archai-api.fineartmedia.tech/aux/NFC1370.html,wellcome:yszcmhwh
1371,"Wellcome Collection","The scapula (figures 1-2) and the clavicle (figures 3-4) and the sternum seen from the front (figure 5). Engraving after G. de Lairesse, 1739.","Public Domain Mark",https://archai-api.fineartmedia.tech/aux/NFC1371.html,wellcome:yuqswy3z
1372,"Wellcome Collection","The muscles of the left thigh, seen from the front. Engraving after G. de Lairesse, 1739.","Public Domain Mark",https://archai-api.fineartmedia.tech/aux/NFC1372.html,wellcome:yxbnp8by
1373,"Wellcome Collection","The muscles of the lower leg and the sole of the foot, dissected and separated, with the tibia and fibula exposed. Engraving after G. de Lairesse, 1739.","Public Domain Mark",https://archai-api.fineartmedia.tech/aux/NFC1373.html,wellcome:yzxg9avc
1374,"Wellcome Collection","The hand: three figures, (left to right) bones, muscles, and surface anatomy. Colour lithograph, 1868, after J.A. Vinter.","Public Domain Mark",https://archai-api.fineartmedia.tech/aux/NFC1374.html,wellcome:z3p6av79
1375,"Wellcome Collection","The skin removed from the lower leg, exposing the muscles of the lower leg and the sole of the foot. Engraving after G. de Lairesse, 1739.","Public Domain Mark",https://archai-api.fineartmedia.tech/aux/NFC1375.html,wellcome:z4pnj3rt
1376,"Wellcome Collection","Five fungi, including two Boletus species, with anatomical detail. Coloured etching by J. Pass, c. 1809, after J. Ihle.","Public Domain Mark",https://archai-api.fineartmedia.tech/aux/NFC1376.html,wellcome:z6m53peh
1377,"Wellcome Collection","Seven figures illustrating different types of anatomical specimen jars and their lids and methods of preservation used by Réaumur, Le Cat, and others. Engraving, 1749.","Public Domain Mark",https://archai-api.fineartmedia.tech/aux/NFC1377.html,wellcome:zanrjkxc
1378,"Wellcome Collection","An anatomical dissection by Jean Riolan the younger (1580-1657). Engraving of 1649 by Renier van Persyn after a design of 1626 by Crispijn de Passe the second.","Public Domain Mark",https://archai-api.fineartmedia.tech/aux/NFC1378.html,wellcome:zhfpfck4
1379,"Wellcome Collection","Écorché leg of man riding a horse, and écorché hand with outstretched palm. Pencil and ink wash drawing, after an unidentified work on anatomy, ca. 1830(?).","Public Domain Mark",https://archai-api.fineartmedia.tech/aux/NFC1379.html,wellcome:zpzjpkdj
1380,"Wellcome Collection","The diaphragm (fig. 1) after Haller, the pharynx, seen from the back and the larynx seen from the front (figs 2-3), after Duverney, and the larynx seen from the back and open and from the side (figs 4-5), after Eustachius. Engraving by Benard, late 18th century.","Public Domain Mark",https://archai-api.fineartmedia.tech/aux/NFC1380.html,wellcome:zzgqgn64
3147,"Wellcome Collection","An anatomical dissection being carried out by Andreas Vesalius, attended by a large group of observers. Woodcut, 1543.","Public Domain Mark",https://archai-api.fineartmedia.tech/aux/NFC3147.html,wellcome:f3ucftum